{"cameraMode":{"drawMode":0,"name":"Shaded","section":"Shading Mode"},"sceneLighting":false,"audioPlay":false,"sceneViewState":{"m_AlwaysRefresh":false,"showFog":true,"showSkybox":false,"showFlares":true,"showImageEffects":true,"showParticleSystems":true,"showVisualEffectGraphs":true,"m_FxEnabled":true},"in2DMode":false,"pivot":{"x":0.01914646476507187,"y":-1.8714948892593384,"z":4.455286979675293},"rotation":{"x":-0.14174607396125794,"y":0.020265568047761918,"z":-0.0021578450687229635,"w":-0.9899027943611145},"size":5.0455169677734379,"orthographic":false}