{"cameraMode":{"drawMode":0,"name":"Shaded","section":"Shading Mode"},"sceneLighting":false,"audioPlay":false,"sceneViewState":{"m_AlwaysRefresh":false,"showFog":true,"showSkybox":false,"showFlares":true,"showImageEffects":true,"showParticleSystems":true,"showVisualEffectGraphs":true,"m_FxEnabled":true},"in2DMode":false,"pivot":{"x":0.011686112731695176,"y":-3.680588483810425,"z":3.320040702819824},"rotation":{"x":-0.2766118347644806,"y":-0.0018531117821112276,"z":0.001285541569814086,"w":-0.961191713809967},"size":8.767287254333496,"orthographic":false}