{"cameraMode":{"drawMode":0,"name":"Shaded","section":"Shading Mode"},"sceneLighting":false,"audioPlay":false,"sceneViewState":{"m_AlwaysRefresh":false,"showFog":true,"showSkybox":false,"showFlares":true,"showImageEffects":true,"showParticleSystems":true,"showVisualEffectGraphs":true,"m_FxEnabled":true},"in2DMode":false,"pivot":{"x":1513.3115234375,"y":1015.0362548828125,"z":-248.9027099609375},"rotation":{"x":-0.0043777115643024448,"y":0.005361412651836872,"z":-0.0025336402468383314,"w":-1.0000057220458985},"size":1338.6949462890625,"orthographic":false}