{"cameraMode":{"drawMode":0,"name":"Shaded","section":"Shading Mode"},"sceneLighting":true,"audioPlay":false,"sceneViewState":{"m_AlwaysRefresh":false,"showFog":true,"showSkybox":true,"showFlares":true,"showImageEffects":true,"showParticleSystems":true,"showVisualEffectGraphs":true,"m_FxEnabled":true},"in2DMode":false,"pivot":{"x":-0.06499981880187988,"y":0.04999999701976776,"z":-1.494046688079834},"rotation":{"x":-0.09348287433385849,"y":0.012253341265022755,"z":-0.0008664699271321297,"w":-0.9956510066986084},"size":5.1972832679748539,"orthographic":false}