{"cameraMode":{"drawMode":0,"name":"Shaded","section":"Shading Mode"},"sceneLighting":true,"audioPlay":false,"sceneViewState":{"m_AlwaysRefresh":false,"showFog":true,"showSkybox":true,"showFlares":true,"showImageEffects":true,"showParticleSystems":true,"showVisualEffectGraphs":true,"m_FxEnabled":true},"in2DMode":false,"pivot":{"x":-0.08928684890270233,"y":0.37785884737968447,"z":0.03313320875167847},"rotation":{"x":-0.10152478516101837,"y":-0.07753019034862519,"z":0.008010407909750939,"w":-0.9918328523635864},"size":1.098645567893982,"orthographic":false}