{"cameraMode":{"drawMode":0,"name":"Shaded","section":"Shading Mode"},"sceneLighting":true,"audioPlay":false,"sceneViewState":{"m_AlwaysRefresh":false,"showFog":true,"showSkybox":true,"showFlares":true,"showImageEffects":true,"showParticleSystems":true,"showVisualEffectGraphs":true,"m_FxEnabled":true},"in2DMode":false,"pivot":{"x":0.2443169355392456,"y":-2.533236026763916,"z":-0.7618417739868164},"rotation":{"x":-0.023310448974370958,"y":0.9550665020942688,"z":-0.28721415996551516,"w":-0.07348840683698654},"size":6.144332408905029,"orthographic":false}