{"cameraMode":{"drawMode":0,"name":"Shaded","section":"Shading Mode"},"sceneLighting":true,"audioPlay":false,"sceneViewState":{"m_AlwaysRefresh":false,"showFog":true,"showSkybox":true,"showFlares":true,"showImageEffects":true,"showParticleSystems":true,"showVisualEffectGraphs":true,"m_FxEnabled":true},"in2DMode":false,"pivot":{"x":-5.355440139770508,"y":-0.7782368659973145,"z":1.4059967994689942},"rotation":{"x":-0.12352386862039566,"y":0.47388604283332827,"z":-0.06647872179746628,"w":-0.8695763349533081},"size":4.006012916564941,"orthographic":false}