{"cameraMode":{"drawMode":0,"name":"Shaded","section":"Shading Mode"},"sceneLighting":true,"audioPlay":false,"sceneViewState":{"m_AlwaysRefresh":false,"showFog":true,"showSkybox":true,"showFlares":true,"showImageEffects":true,"showParticleSystems":true,"showVisualEffectGraphs":true,"m_FxEnabled":true},"in2DMode":false,"pivot":{"x":821.0660400390625,"y":390.8556213378906,"z":-46.149505615234378},"rotation":{"x":0.08003958314657211,"y":0.006632728036493063,"z":-0.0003985761431977153,"w":0.9969347715377808},"size":692.2122192382813,"orthographic":false}