{"cameraMode":{"drawMode":0,"name":"Shaded","section":"Shading Mode"},"sceneLighting":true,"audioPlay":false,"sceneViewState":{"m_AlwaysRefresh":false,"showFog":true,"showSkybox":true,"showFlares":true,"showImageEffects":true,"showParticleSystems":true,"showVisualEffectGraphs":true,"m_FxEnabled":true},"in2DMode":false,"pivot":{"x":0.22503761947155,"y":0.8199752569198608,"z":0.3613932132720947},"rotation":{"x":0.0883125364780426,"y":0.02144736610352993,"z":0.0005052239866927266,"w":0.9959243535995483},"size":2.1416049003601076,"orthographic":false}