{"cameraMode":{"drawMode":0,"name":"Shaded","section":"Shading Mode"},"sceneLighting":true,"audioPlay":false,"sceneViewState":{"m_AlwaysRefresh":false,"showFog":true,"showSkybox":true,"showFlares":true,"showImageEffects":true,"showParticleSystems":true,"showVisualEffectGraphs":true,"m_FxEnabled":true},"in2DMode":false,"pivot":{"x":0.5232712030410767,"y":3.1381654739379885,"z":-8.358810424804688},"rotation":{"x":-0.28209173679351809,"y":-0.04070369526743889,"z":0.012693933211266995,"w":-0.9586527347564697},"size":0.9123790860176086,"orthographic":false}