{"cameraMode":{"drawMode":0,"name":"Shaded","section":"Shading Mode"},"sceneLighting":true,"audioPlay":false,"sceneViewState":{"m_AlwaysRefresh":false,"showFog":true,"showSkybox":true,"showFlares":true,"showImageEffects":true,"showParticleSystems":true,"showVisualEffectGraphs":true,"m_FxEnabled":true},"in2DMode":false,"pivot":{"x":0.2418307214975357,"y":0.07203374058008194,"z":-2.6523618698120119},"rotation":{"x":-0.44551920890808108,"y":-0.07970602810382843,"z":0.041738059371709827,"w":-0.891008198261261},"size":0.6330872178077698,"orthographic":false}