{"cameraMode":{"drawMode":0,"name":"Shaded","section":"Shading Mode"},"sceneLighting":true,"audioPlay":false,"sceneViewState":{"m_AlwaysRefresh":false,"showFog":true,"showSkybox":true,"showFlares":true,"showImageEffects":true,"showParticleSystems":true,"showVisualEffectGraphs":true,"m_FxEnabled":true},"in2DMode":false,"pivot":{"x":0.3295914828777313,"y":0.6552567481994629,"z":-3.8329057693481447},"rotation":{"x":0.1523972451686859,"y":0.018665816634893419,"z":-0.003124338574707508,"w":0.9882206320762634},"size":0.8470221757888794,"orthographic":false}