{"cameraMode":{"drawMode":0,"name":"Shaded","section":"Shading Mode"},"sceneLighting":true,"audioPlay":false,"sceneViewState":{"m_AlwaysRefresh":false,"showFog":true,"showSkybox":true,"showFlares":true,"showImageEffects":true,"showParticleSystems":true,"showVisualEffectGraphs":true,"m_FxEnabled":true},"in2DMode":false,"pivot":{"x":1016.8626708984375,"y":1340.04248046875,"z":-0.178985595703125},"rotation":{"x":0.018613513559103013,"y":-0.0008756954339332879,"z":-0.00019138745847158134,"w":0.999921441078186},"size":590.6991577148438,"orthographic":false}