{"cameraMode":{"drawMode":0,"name":"Shaded","section":"Shading Mode"},"sceneLighting":true,"audioPlay":false,"sceneViewState":{"m_AlwaysRefresh":false,"showFog":true,"showSkybox":true,"showFlares":true,"showImageEffects":true,"showParticleSystems":true,"showVisualEffectGraphs":true,"m_FxEnabled":true},"in2DMode":false,"pivot":{"x":-0.17869937419891358,"y":-5.092551231384277,"z":-8.456374168395996},"rotation":{"x":-0.013298419304192067,"y":0.9551854133605957,"z":-0.29356908798217776,"w":-0.040822580456733707},"size":9.566556930541993,"orthographic":false}