{"cameraMode":{"drawMode":0,"name":"Shaded","section":"Shading Mode"},"sceneLighting":true,"audioPlay":false,"sceneViewState":{"m_AlwaysRefresh":false,"showFog":true,"showSkybox":true,"showFlares":true,"showImageEffects":true,"showParticleSystems":true,"showVisualEffectGraphs":true,"m_FxEnabled":true},"in2DMode":false,"pivot":{"x":-0.4986886978149414,"y":9.445030212402344,"z":-7.114597320556641},"rotation":{"x":-0.041280247271060947,"y":0.8989848494529724,"z":-0.08684925734996796,"w":-0.4272940754890442},"size":12.124356269836426,"orthographic":false}