{"cameraMode":{"drawMode":0,"name":"Shaded","section":"Shading Mode"},"sceneLighting":true,"audioPlay":false,"sceneViewState":{"m_AlwaysRefresh":false,"showFog":true,"showSkybox":true,"showFlares":true,"showImageEffects":true,"showParticleSystems":true,"showVisualEffectGraphs":true,"m_FxEnabled":true},"in2DMode":false,"pivot":{"x":-2.1698989868164064,"y":-0.8577243089675903,"z":0.593383252620697},"rotation":{"x":0.001233428716659546,"y":0.9866237044334412,"z":-0.16338956356048585,"w":0.008903362788259983},"size":3.0835373401641847,"orthographic":false}