{"cameraMode":{"drawMode":0,"name":"Shaded","section":"Shading Mode"},"sceneLighting":true,"audioPlay":false,"sceneViewState":{"m_AlwaysRefresh":false,"showFog":true,"showSkybox":true,"showFlares":true,"showImageEffects":true,"showParticleSystems":true,"showVisualEffectGraphs":true,"m_FxEnabled":true},"in2DMode":false,"pivot":{"x":0.7238673567771912,"y":0.9510124921798706,"z":-0.49606961011886599},"rotation":{"x":-0.23680123686790467,"y":0.37449005246162417,"z":-0.10232110321521759,"w":-0.8906702399253845},"size":6.712758541107178,"orthographic":false}