{"cameraMode":{"drawMode":0,"name":"Shaded","section":"Shading Mode"},"sceneLighting":true,"audioPlay":false,"sceneViewState":{"m_AlwaysRefresh":false,"showFog":true,"showSkybox":true,"showFlares":true,"showImageEffects":true,"showParticleSystems":true,"showVisualEffectGraphs":true,"m_FxEnabled":true},"in2DMode":false,"pivot":{"x":2.0069854259490969,"y":-4.790620803833008,"z":-1.9454026222229005},"rotation":{"x":0.16692276298999787,"y":0.013886422850191594,"z":-0.0026067737489938738,"w":0.9859589338302612},"size":7.438777923583984,"orthographic":false}