{"cameraMode":{"drawMode":0,"name":"Shaded","section":"Shading Mode"},"sceneLighting":true,"audioPlay":false,"sceneViewState":{"m_AlwaysRefresh":false,"showFog":true,"showSkybox":true,"showFlares":true,"showImageEffects":true,"showParticleSystems":true,"showVisualEffectGraphs":true,"m_FxEnabled":true},"in2DMode":false,"pivot":{"x":-1.1097087860107422,"y":1.0309157371520997,"z":-0.7863521575927734},"rotation":{"x":-0.041280247271060947,"y":0.8989848494529724,"z":-0.08684925734996796,"w":-0.4272940754890442},"size":60.555789947509769,"orthographic":false}