{"cameraMode":{"drawMode":0,"name":"Shaded","section":"Shading Mode"},"sceneLighting":true,"audioPlay":false,"sceneViewState":{"m_AlwaysRefresh":false,"showFog":true,"showSkybox":true,"showFlares":true,"showImageEffects":true,"showParticleSystems":true,"showVisualEffectGraphs":true,"m_FxEnabled":true},"in2DMode":false,"pivot":{"x":-0.4325051009654999,"y":-15.352710723876954,"z":4.611485481262207},"rotation":{"x":0.5138866901397705,"y":-0.04819972813129425,"z":0.029198667034506799,"w":0.8561250567436218},"size":11.620229721069336,"orthographic":false}