{"cameraMode":{"drawMode":0,"name":"Shaded","section":"Shading Mode"},"sceneLighting":true,"audioPlay":false,"sceneViewState":{"m_AlwaysRefresh":false,"showFog":true,"showSkybox":true,"showFlares":true,"showImageEffects":true,"showParticleSystems":true,"showVisualEffectGraphs":true,"m_FxEnabled":true},"in2DMode":false,"pivot":{"x":-0.39086222648620608,"y":1.0301322937011719,"z":-5.500184059143066},"rotation":{"x":-0.2454012632369995,"y":-0.32236945629119875,"z":0.0840991735458374,"w":-0.9104226231575012},"size":1.6372603178024293,"orthographic":false}