{"cameraMode":{"drawMode":0,"name":"Shaded","section":"Shading Mode"},"sceneLighting":true,"audioPlay":false,"sceneViewState":{"m_AlwaysRefresh":false,"showFog":true,"showSkybox":true,"showFlares":true,"showImageEffects":true,"showParticleSystems":true,"showVisualEffectGraphs":true,"m_FxEnabled":true},"in2DMode":false,"pivot":{"x":1125.3179931640625,"y":251.60543823242188,"z":-301.79901123046877},"rotation":{"x":0.31931209564208987,"y":-0.11846855282783508,"z":0.040051743388175967,"w":0.9394627213478088},"size":532.0271606445313,"orthographic":false}