{"cameraMode":{"drawMode":0,"name":"Shaded","section":"Shading Mode"},"sceneLighting":true,"audioPlay":false,"sceneViewState":{"m_AlwaysRefresh":false,"showFog":true,"showSkybox":true,"showFlares":true,"showImageEffects":true,"showParticleSystems":true,"showVisualEffectGraphs":true,"m_FxEnabled":true},"in2DMode":false,"pivot":{"x":-2.1548871994018556,"y":-0.08315421640872956,"z":-0.4355897307395935},"rotation":{"x":-0.20682774484157563,"y":0.18340033292770387,"z":-0.03942655771970749,"w":-0.9603537321090698},"size":4.749896049499512,"orthographic":false}