{"cameraMode":{"drawMode":0,"name":"Shaded","section":"Shading Mode"},"sceneLighting":true,"audioPlay":false,"sceneViewState":{"m_AlwaysRefresh":false,"showFog":true,"showSkybox":true,"showFlares":true,"showImageEffects":true,"showParticleSystems":true,"showVisualEffectGraphs":true,"m_FxEnabled":true},"in2DMode":false,"pivot":{"x":-1.2230000495910645,"y":0.6679999828338623,"z":0.671999990940094},"rotation":{"x":-0.17712382972240449,"y":0.013150101527571679,"z":-0.004629063419997692,"w":-0.9842066168785095},"size":1.0609254837036133,"orthographic":false}