{"cameraMode":{"drawMode":0,"name":"Shaded","section":"Shading Mode"},"sceneLighting":true,"audioPlay":false,"sceneViewState":{"m_AlwaysRefresh":false,"showFog":true,"showSkybox":true,"showFlares":true,"showImageEffects":true,"showParticleSystems":true,"showVisualEffectGraphs":true,"m_FxEnabled":true},"in2DMode":false,"pivot":{"x":2.802971839904785,"y":1.332329273223877,"z":-5.418332099914551},"rotation":{"x":0.018888242542743684,"y":0.9653739929199219,"z":0.07838568091392517,"w":-0.24907276034355164},"size":3.7718067169189455,"orthographic":false}