{"cameraMode":{"drawMode":0,"name":"Shaded","section":"Shading Mode"},"sceneLighting":true,"audioPlay":false,"sceneViewState":{"m_AlwaysRefresh":false,"showFog":true,"showSkybox":true,"showFlares":true,"showImageEffects":true,"showParticleSystems":true,"showVisualEffectGraphs":true,"m_FxEnabled":true},"in2DMode":false,"pivot":{"x":-18.07244873046875,"y":-6.6744794845581059,"z":32.02445983886719},"rotation":{"x":0.09249439090490341,"y":-0.16383713483810426,"z":0.01537997554987669,"w":0.9820430278778076},"size":20.153791427612306,"orthographic":false}