{"cameraMode":{"drawMode":0,"name":"Shaded","section":"Shading Mode"},"sceneLighting":true,"audioPlay":false,"sceneViewState":{"m_AlwaysRefresh":false,"showFog":true,"showSkybox":true,"showFlares":true,"showImageEffects":true,"showParticleSystems":true,"showVisualEffectGraphs":true,"m_FxEnabled":true},"in2DMode":false,"pivot":{"x":1.536481499671936,"y":-1.6043394804000855,"z":-1.5750749111175538},"rotation":{"x":-0.45519521832466128,"y":-0.026172932237386705,"z":0.013388724997639656,"w":-0.8899111151695252},"size":6.121729373931885,"orthographic":false}