{"cameraMode":{"drawMode":0,"name":"Shaded","section":"Shading Mode"},"sceneLighting":true,"audioPlay":false,"sceneViewState":{"m_AlwaysRefresh":false,"showFog":true,"showSkybox":true,"showFlares":true,"showImageEffects":true,"showParticleSystems":true,"showVisualEffectGraphs":true,"m_FxEnabled":true},"in2DMode":false,"pivot":{"x":1.8299999237060547,"y":0.27399998903274538,"z":-0.30999991297721865},"rotation":{"x":-0.39800146222114565,"y":0.32030782103538515,"z":-0.1506645679473877,"w":-0.8465240597724915},"size":0.8464374542236328,"orthographic":false}