{"cameraMode":{"drawMode":0,"name":"Shaded","section":"Shading Mode"},"sceneLighting":true,"audioPlay":false,"sceneViewState":{"m_AlwaysRefresh":false,"showFog":true,"showSkybox":true,"showFlares":true,"showImageEffects":true,"showParticleSystems":true,"showVisualEffectGraphs":true,"m_FxEnabled":true},"in2DMode":false,"pivot":{"x":-3.3898348808288576,"y":0.17281866073608399,"z":1.5364015102386475},"rotation":{"x":0.003352134022861719,"y":0.9751522541046143,"z":-0.2213592529296875,"w":0.01581788808107376},"size":1.5321707725524903,"orthographic":false}