{"cameraMode":{"drawMode":0,"name":"Shaded","section":"Shading Mode"},"sceneLighting":true,"audioPlay":false,"sceneViewState":{"m_AlwaysRefresh":false,"showFog":true,"showSkybox":true,"showFlares":true,"showImageEffects":true,"showParticleSystems":true,"showVisualEffectGraphs":true,"m_FxEnabled":true},"in2DMode":false,"pivot":{"x":-4.995392322540283,"y":0.07476615905761719,"z":-10.561941146850586},"rotation":{"x":-0.47506895661354067,"y":-0.04115469753742218,"z":0.022264942526817323,"w":-0.8787518739700317},"size":4.08333683013916,"orthographic":false}