{"cameraMode":{"drawMode":0,"name":"Shaded","section":"Shading Mode"},"sceneLighting":true,"audioPlay":false,"sceneViewState":{"m_AlwaysRefresh":false,"showFog":true,"showSkybox":true,"showFlares":true,"showImageEffects":true,"showParticleSystems":true,"showVisualEffectGraphs":true,"m_FxEnabled":true},"in2DMode":false,"pivot":{"x":-0.31603991985321047,"y":0.24368679523468018,"z":-0.09079216420650482},"rotation":{"x":-0.16855604946613313,"y":-0.7866124510765076,"z":0.2391366958618164,"w":-0.543816089630127},"size":1.3729431629180909,"orthographic":false}