{"cameraMode":{"drawMode":0,"name":"Shaded","section":"Shading Mode"},"sceneLighting":true,"audioPlay":false,"sceneViewState":{"m_AlwaysRefresh":false,"showFog":true,"showSkybox":true,"showFlares":true,"showImageEffects":true,"showParticleSystems":true,"showVisualEffectGraphs":true,"m_FxEnabled":true},"in2DMode":false,"pivot":{"x":2.7863502502441408,"y":-12.394759178161621,"z":6.061531066894531},"rotation":{"x":0.4484563171863556,"y":0.18303249776363374,"z":-0.09165547788143158,"w":0.8701428174972534},"size":8.069355010986329,"orthographic":false}