{"cameraMode":{"drawMode":0,"name":"Shaded","section":"Shading Mode"},"sceneLighting":true,"audioPlay":false,"sceneViewState":{"m_AlwaysRefresh":false,"showFog":true,"showSkybox":true,"showFlares":true,"showImageEffects":true,"showParticleSystems":true,"showVisualEffectGraphs":true,"m_FxEnabled":true},"in2DMode":false,"pivot":{"x":-1.3088629245758057,"y":0.9699726104736328,"z":0.7221711277961731},"rotation":{"x":0.045271649956703189,"y":0.44561871886253359,"z":-0.019854223355650903,"w":0.8939281702041626},"size":1.2454168796539307,"orthographic":false}