{"cameraMode":{"drawMode":0,"name":"Shaded","section":"Shading Mode"},"sceneLighting":true,"audioPlay":false,"sceneViewState":{"m_AlwaysRefresh":false,"showFog":true,"showSkybox":true,"showFlares":true,"showImageEffects":true,"showParticleSystems":true,"showVisualEffectGraphs":true,"m_FxEnabled":true},"in2DMode":false,"pivot":{"x":0.7893499135971069,"y":-0.15629765391349793,"z":0.9163670539855957},"rotation":{"x":0.3152174949645996,"y":-0.029334787279367448,"z":0.008644821122288704,"w":0.9488337635993958},"size":8.479170799255371,"orthographic":false}