{"cameraMode":{"drawMode":0,"name":"Shaded","section":"Shading Mode"},"sceneLighting":true,"audioPlay":false,"sceneViewState":{"m_AlwaysRefresh":false,"showFog":true,"showSkybox":true,"showFlares":true,"showImageEffects":true,"showParticleSystems":true,"showVisualEffectGraphs":true,"m_FxEnabled":true},"in2DMode":false,"pivot":{"x":0.03421974182128906,"y":0.17613203823566438,"z":0.01734718680381775},"rotation":{"x":-0.013078097254037857,"y":0.7313605546951294,"z":0.01404305174946785,"w":0.6817461252212524},"size":0.8874028921127319,"orthographic":false}