{"cameraMode":{"drawMode":0,"name":"Shaded","section":"Shading Mode"},"sceneLighting":true,"audioPlay":false,"sceneViewState":{"m_AlwaysRefresh":false,"showFog":true,"showSkybox":true,"showFlares":true,"showImageEffects":true,"showParticleSystems":true,"showVisualEffectGraphs":true,"m_FxEnabled":true},"in2DMode":false,"pivot":{"x":462.53082275390627,"y":327.6422424316406,"z":25.160654067993165},"rotation":{"x":-0.1136728823184967,"y":-0.03071599453687668,"z":0.0009310595924034715,"w":-0.9930806756019592},"size":360.1436767578125,"orthographic":false}