{"cameraMode":{"drawMode":0,"name":"Shaded","section":"Shading Mode"},"sceneLighting":true,"audioPlay":false,"sceneViewState":{"m_AlwaysRefresh":false,"showFog":true,"showSkybox":true,"showFlares":true,"showImageEffects":true,"showParticleSystems":true,"showVisualEffectGraphs":true,"m_FxEnabled":true},"in2DMode":false,"pivot":{"x":2.499727249145508,"y":0.9836915731430054,"z":2.237175941467285},"rotation":{"x":0.003152887336909771,"y":0.9963218569755554,"z":-0.0746036171913147,"w":0.049025215208530429},"size":6.406373977661133,"orthographic":false}