{"cameraMode":{"drawMode":0,"name":"Shaded","section":"Shading Mode"},"sceneLighting":true,"audioPlay":false,"sceneViewState":{"m_AlwaysRefresh":false,"showFog":true,"showSkybox":true,"showFlares":true,"showImageEffects":true,"showParticleSystems":true,"showVisualEffectGraphs":true,"m_FxEnabled":true},"in2DMode":false,"pivot":{"x":-1.9590986967086793,"y":-0.4887324571609497,"z":3.432270050048828},"rotation":{"x":0.10674098879098892,"y":-0.1710370033979416,"z":0.017319347709417344,"w":0.9795913696289063},"size":9.597813606262207,"orthographic":false}