{"cameraMode":{"drawMode":0,"name":"Shaded","section":"Shading Mode"},"sceneLighting":true,"audioPlay":false,"sceneViewState":{"m_AlwaysRefresh":false,"showFog":true,"showSkybox":true,"showFlares":true,"showImageEffects":true,"showParticleSystems":true,"showVisualEffectGraphs":true,"m_FxEnabled":true},"in2DMode":false,"pivot":{"x":-0.26404544711112978,"y":-3.4511985778808595,"z":-0.4416849911212921},"rotation":{"x":-0.4725848138332367,"y":0.13591696321964265,"z":-0.07213939726352692,"w":-0.8680207133293152},"size":3.233250379562378,"orthographic":false}