{"cameraMode":{"drawMode":0,"name":"Shaded","section":"Shading Mode"},"sceneLighting":true,"audioPlay":false,"sceneViewState":{"m_AlwaysRefresh":false,"showFog":true,"showSkybox":true,"showFlares":true,"showImageEffects":true,"showParticleSystems":true,"showVisualEffectGraphs":true,"m_FxEnabled":true},"in2DMode":false,"pivot":{"x":984.8321533203125,"y":1724.624755859375,"z":1.4391021728515626},"rotation":{"x":-0.015011422336101532,"y":-0.0015163281932473183,"z":0.00009685558325145394,"w":-0.9999428391456604},"size":557.6203002929688,"orthographic":false}