{"cameraMode":{"drawMode":0,"name":"Shaded","section":"Shading Mode"},"sceneLighting":true,"audioPlay":false,"sceneViewState":{"m_AlwaysRefresh":false,"showFog":true,"showSkybox":true,"showFlares":true,"showImageEffects":true,"showParticleSystems":true,"showVisualEffectGraphs":true,"m_FxEnabled":true},"in2DMode":false,"pivot":{"x":719.1878051757813,"y":591.2430419921875,"z":47.221256256103519},"rotation":{"x":-0.024005869403481485,"y":-0.016511209309101106,"z":0.00046939143794588745,"w":-0.9996329545974731},"size":726.3002319335938,"orthographic":false}