{"cameraMode":{"drawMode":0,"name":"Shaded","section":"Shading Mode"},"sceneLighting":true,"audioPlay":false,"sceneViewState":{"m_AlwaysRefresh":false,"showFog":true,"showSkybox":true,"showFlares":true,"showImageEffects":true,"showParticleSystems":true,"showVisualEffectGraphs":true,"m_FxEnabled":true},"in2DMode":false,"pivot":{"x":-15.201622009277344,"y":-0.08772850036621094,"z":-17.105762481689454},"rotation":{"x":-0.4253023564815521,"y":0.06880923360586167,"z":-0.03531236574053764,"w":-0.9017825126647949},"size":12.12435531616211,"orthographic":false}