{"cameraMode":{"drawMode":0,"name":"Shaded","section":"Shading Mode"},"sceneLighting":true,"audioPlay":false,"sceneViewState":{"m_AlwaysRefresh":false,"showFog":true,"showSkybox":true,"showFlares":true,"showImageEffects":true,"showParticleSystems":true,"showVisualEffectGraphs":true,"m_FxEnabled":true},"in2DMode":false,"pivot":{"x":1.1223548650741578,"y":20.860334396362306,"z":-30.573102951049806},"rotation":{"x":0.4377472698688507,"y":-0.08294524997472763,"z":0.040373947471380237,"w":0.8944587111473084},"size":3.284986972808838,"orthographic":false}