{"cameraMode":{"drawMode":0,"name":"Shaded","section":"Shading Mode"},"sceneLighting":true,"audioPlay":false,"sceneViewState":{"m_AlwaysRefresh":false,"showFog":true,"showSkybox":true,"showFlares":true,"showImageEffects":true,"showParticleSystems":true,"showVisualEffectGraphs":true,"m_FxEnabled":true},"in2DMode":false,"pivot":{"x":3.0268092155456545,"y":1.2090826034545899,"z":-2.8702054023742677},"rotation":{"x":-0.3957534730434418,"y":0.27372345328330996,"z":-0.1278257519006729,"w":-0.8672952651977539},"size":1.6372603178024293,"orthographic":false}