{"cameraMode":{"drawMode":0,"name":"Shaded","section":"Shading Mode"},"sceneLighting":true,"audioPlay":false,"sceneViewState":{"m_AlwaysRefresh":false,"showFog":true,"showSkybox":true,"showFlares":true,"showImageEffects":true,"showParticleSystems":true,"showVisualEffectGraphs":true,"m_FxEnabled":true},"in2DMode":false,"pivot":{"x":0.04244980216026306,"y":6.709339141845703,"z":-2.5493242740631105},"rotation":{"x":-0.19808624684810639,"y":-0.00406570453196764,"z":-0.001808355562388897,"w":-0.9802128076553345},"size":7.962031841278076,"orthographic":false}