{"cameraMode":{"drawMode":0,"name":"Shaded","section":"Shading Mode"},"sceneLighting":true,"audioPlay":false,"sceneViewState":{"m_AlwaysRefresh":false,"showFog":true,"showSkybox":true,"showFlares":true,"showImageEffects":true,"showParticleSystems":true,"showVisualEffectGraphs":true,"m_FxEnabled":true},"in2DMode":false,"pivot":{"x":-0.004648923873901367,"y":0.06968021392822266,"z":0.7299575805664063},"rotation":{"x":-0.45003148913383486,"y":-0.0061637586914002899,"z":0.003107344498857856,"w":-0.8929911851882935},"size":11.366682052612305,"orthographic":false}