{"cameraMode":{"drawMode":0,"name":"Shaded","section":"Shading Mode"},"sceneLighting":true,"audioPlay":false,"sceneViewState":{"m_AlwaysRefresh":false,"showFog":true,"showSkybox":true,"showFlares":true,"showImageEffects":true,"showParticleSystems":true,"showVisualEffectGraphs":true,"m_FxEnabled":true},"in2DMode":false,"pivot":{"x":542.3422241210938,"y":602.4994506835938,"z":-82.84725189208985},"rotation":{"x":0.17037102580070496,"y":0.03169884532690048,"z":-0.007318534888327122,"w":0.9850982427597046},"size":254.6541748046875,"orthographic":false}