{"cameraMode":{"drawMode":0,"name":"Shaded","section":"Shading Mode"},"sceneLighting":true,"audioPlay":false,"sceneViewState":{"m_AlwaysRefresh":false,"showFog":true,"showSkybox":true,"showFlares":true,"showImageEffects":true,"showParticleSystems":true,"showVisualEffectGraphs":true,"m_FxEnabled":true},"in2DMode":false,"pivot":{"x":-1.2879104614257813,"y":0.44619184732437136,"z":0.12313719838857651},"rotation":{"x":0.020987339317798616,"y":-0.04105537384748459,"z":-0.0033742410596460106,"w":-0.9989683628082275},"size":0.5720210075378418,"orthographic":false}