{"cameraMode":{"drawMode":0,"name":"Shaded","section":"Shading Mode"},"sceneLighting":true,"audioPlay":false,"sceneViewState":{"m_AlwaysRefresh":false,"showFog":true,"showSkybox":true,"showFlares":true,"showImageEffects":true,"showParticleSystems":true,"showVisualEffectGraphs":true,"m_FxEnabled":true},"in2DMode":false,"pivot":{"x":531.28955078125,"y":1001.3880004882813,"z":64.31463623046875},"rotation":{"x":-0.050900593400001529,"y":-0.08454746752977371,"z":0.0018021794967353345,"w":-0.9951555132865906},"size":1440.0743408203125,"orthographic":false}