{"cameraMode":{"drawMode":0,"name":"Shaded","section":"Shading Mode"},"sceneLighting":true,"audioPlay":false,"sceneViewState":{"m_AlwaysRefresh":false,"showFog":true,"showSkybox":true,"showFlares":true,"showImageEffects":true,"showParticleSystems":true,"showVisualEffectGraphs":true,"m_FxEnabled":true},"in2DMode":false,"pivot":{"x":-2.199969530105591,"y":-10.472856521606446,"z":7.795733451843262},"rotation":{"x":-0.28964439034461977,"y":-0.051246073096990588,"z":0.017192257568240167,"w":-0.9558522701263428},"size":21.862085342407228,"orthographic":false}