{"cameraMode":{"drawMode":0,"name":"Shaded","section":"Shading Mode"},"sceneLighting":true,"audioPlay":false,"sceneViewState":{"m_AlwaysRefresh":false,"showFog":true,"showSkybox":true,"showFlares":true,"showImageEffects":true,"showParticleSystems":true,"showVisualEffectGraphs":true,"m_FxEnabled":true},"in2DMode":false,"pivot":{"x":313.3679504394531,"y":258.6109924316406,"z":-20.970449447631837},"rotation":{"x":-0.15079838037490846,"y":0.006718193180859089,"z":-0.003529984038323164,"w":-0.9885792136192322},"size":382.8415222167969,"orthographic":false}