{"cameraMode":{"drawMode":0,"name":"Shaded","section":"Shading Mode"},"sceneLighting":true,"audioPlay":false,"sceneViewState":{"m_AlwaysRefresh":false,"showFog":true,"showSkybox":true,"showFlares":true,"showImageEffects":true,"showParticleSystems":true,"showVisualEffectGraphs":true,"m_FxEnabled":true},"in2DMode":false,"pivot":{"x":0.20128092169761659,"y":0.543368399143219,"z":0.17985546588897706},"rotation":{"x":-0.08934500068426132,"y":0.1588592678308487,"z":-0.014363509602844715,"w":-0.9832018613815308},"size":0.6824954748153687,"orthographic":false}