{"cameraMode":{"drawMode":0,"name":"Shaded","section":"Shading Mode"},"sceneLighting":true,"audioPlay":false,"sceneViewState":{"m_AlwaysRefresh":false,"showFog":true,"showSkybox":true,"showFlares":true,"showImageEffects":true,"showParticleSystems":true,"showVisualEffectGraphs":true,"m_FxEnabled":true},"in2DMode":false,"pivot":{"x":-3.646413564682007,"y":0.6141577363014221,"z":-2.4685397148132326},"rotation":{"x":-0.3524656593799591,"y":-0.22308887541294099,"z":0.08803857117891312,"w":-0.9048252701759338},"size":0.43674635887145998,"orthographic":false}