{"cameraMode":{"drawMode":0,"name":"Shaded","section":"Shading Mode"},"sceneLighting":true,"audioPlay":false,"sceneViewState":{"m_AlwaysRefresh":false,"showFog":true,"showSkybox":true,"showFlares":true,"showImageEffects":true,"showParticleSystems":true,"showVisualEffectGraphs":true,"m_FxEnabled":true},"in2DMode":false,"pivot":{"x":-0.6449999809265137,"y":0.27399998903274538,"z":-2.4590001106262209},"rotation":{"x":-0.10171975940465927,"y":-0.04774538800120354,"z":0.004956291522830725,"w":-0.9937129616737366},"size":2.276580572128296,"orthographic":false}