{"cameraMode":{"drawMode":0,"name":"Shaded","section":"Shading Mode"},"sceneLighting":true,"audioPlay":false,"sceneViewState":{"m_AlwaysRefresh":false,"showFog":true,"showSkybox":true,"showFlares":true,"showImageEffects":true,"showParticleSystems":true,"showVisualEffectGraphs":true,"m_FxEnabled":true},"in2DMode":false,"pivot":{"x":3.0399999618530275,"y":0.23000000417232514,"z":-1.7249999046325684},"rotation":{"x":0.5670877695083618,"y":-0.14950521290302277,"z":0.10527852177619934,"w":0.8032189607620239},"size":3.1435282230377199,"orthographic":false}