{"cameraMode":{"drawMode":0,"name":"Shaded","section":"Shading Mode"},"sceneLighting":true,"audioPlay":false,"sceneViewState":{"m_AlwaysRefresh":false,"showFog":true,"showSkybox":true,"showFlares":true,"showImageEffects":true,"showParticleSystems":true,"showVisualEffectGraphs":true,"m_FxEnabled":true},"in2DMode":false,"pivot":{"x":4.579287052154541,"y":0.6799999475479126,"z":-0.40067043900489809},"rotation":{"x":-0.043133992701768878,"y":0.9421998858451843,"z":-0.1309996396303177,"w":-0.30639174580574038},"size":0.6824954152107239,"orthographic":false}