{"cameraMode":{"drawMode":0,"name":"Shaded","section":"Shading Mode"},"sceneLighting":true,"audioPlay":false,"sceneViewState":{"m_AlwaysRefresh":false,"showFog":true,"showSkybox":true,"showFlares":true,"showImageEffects":true,"showParticleSystems":true,"showVisualEffectGraphs":true,"m_FxEnabled":true},"in2DMode":false,"pivot":{"x":0.150305837392807,"y":1.2979135513305665,"z":-2.317894458770752},"rotation":{"x":0.14408016204833985,"y":-0.11314873397350311,"z":0.01638651266694069,"w":0.9830081462860107},"size":1.7868826389312745,"orthographic":false}