{"cameraMode":{"drawMode":0,"name":"Shaded","section":"Shading Mode"},"sceneLighting":true,"audioPlay":false,"sceneViewState":{"m_AlwaysRefresh":false,"showFog":true,"showSkybox":true,"showFlares":true,"showImageEffects":true,"showParticleSystems":true,"showVisualEffectGraphs":true,"m_FxEnabled":true},"in2DMode":false,"pivot":{"x":0.23495036363601685,"y":5.030903339385986,"z":-2.1404013633728029},"rotation":{"x":-0.6136555671691895,"y":-0.03203476220369339,"z":0.02580976113677025,"w":-0.7887601256370544},"size":6.6131486892700199,"orthographic":false}