{"cameraMode":{"drawMode":0,"name":"Shaded","section":"Shading Mode"},"sceneLighting":false,"audioPlay":false,"sceneViewState":{"m_AlwaysRefresh":false,"showFog":true,"showSkybox":false,"showFlares":true,"showImageEffects":true,"showParticleSystems":true,"showVisualEffectGraphs":true,"m_FxEnabled":true},"in2DMode":false,"pivot":{"x":1010.0753173828125,"y":448.387451171875,"z":88.35678100585938},"rotation":{"x":-0.31145548820495608,"y":0.021946223452687265,"z":-0.007194162346422672,"w":-0.9499841332435608},"size":905.1394653320313,"orthographic":false}