{"cameraMode":{"drawMode":0,"name":"Shaded","section":"Shading Mode"},"sceneLighting":false,"audioPlay":false,"sceneViewState":{"m_AlwaysRefresh":false,"showFog":true,"showSkybox":false,"showFlares":true,"showImageEffects":true,"showParticleSystems":true,"showVisualEffectGraphs":true,"m_FxEnabled":true},"in2DMode":false,"pivot":{"x":0.1497284173965454,"y":0.2740001678466797,"z":-0.23954635858535767},"rotation":{"x":0.16692276298999787,"y":0.013886422850191594,"z":-0.0026067737489938738,"w":0.9859589338302612},"size":3.5959465503692629,"orthographic":false}