{"cameraMode":{"drawMode":0,"name":"Shaded","section":"Shading Mode"},"sceneLighting":true,"audioPlay":false,"sceneViewState":{"m_AlwaysRefresh":false,"showFog":true,"showSkybox":true,"showFlares":true,"showImageEffects":true,"showParticleSystems":true,"showVisualEffectGraphs":true,"m_FxEnabled":true},"in2DMode":false,"pivot":{"x":4.316010475158691,"y":0.28923940658569338,"z":-0.6107439994812012},"rotation":{"x":0.07862373441457749,"y":0.8598863482475281,"z":-0.4847284257411957,"w":0.13947470486164094},"size":2.0318284034729006,"orthographic":false}